[
    {
        "id": 6027,
        "first_name": "Mark Christian SUT",
        "last_ name": "SUT_LastName",
        "profile_pic": "/images/mising.png",
        "favorite": false,
        "url": "http://gojek-contacts-app.herokuapp.com/contacts/6608.json"
    },
    {
        "id": 6608,
        "first_name": "Some",
        "last_name": "Two",
        "profile_pic": "/images/missing.png",
        "favorite": false,
        "url": "http://gojek-contacts-app.herokuapp.com/contacts/6608.json"
    },
    {
        "id": 6693,
        "first_name": "000@",
        "last_name": "00",
        "profile_pic": "/images/missing.png",
        "favorite": true,
        "url": "http://gojek-contacts-app.herokuapp.com/contacts/6693.json"
    },
    {
        "id": 6720,
        "first_name": "000123456Jack",
        "last_name": "dean",
        "profile_pic": "/images/missing.png",
        "favorite": true,
        "url": "http://gojek-contacts-app.herokuapp.com/contacts/6720.json"
    },
    {
        "id": 6582,
        "first_name": "0111",
        "last_name": "008",
        "profile_pic": "/images/missing.png",
        "favorite": true,
        "url": "http://gojek-contacts-app.herokuapp.com/contacts/6582.json"
    },
    {
        "id": 6566,
        "first_name": "0Aa",
        "last_name": "BBB",
        "profile_pic": "/images/missing.png",
        "favorite": true,
        "url": "http://gojek-contacts-app.herokuapp.com/contacts/6566.json"
    },
    {
        "id": 6706,
        "first_name": "12",
        "last_name": "23",
        "profile_pic": "/images/missing.png",
        "favorite": true,
        "url": "http://gojek-contacts-app.herokuapp.com/contacts/6706.json"
    },
    {
        "id": 6705,
        "first_name": "12",
        "last_name": "23",
        "profile_pic": "/images/missing.png",
        "favorite": true,
        "url": "http://gojek-contacts-app.herokuapp.com/contacts/6705.json"
    },
    {
        "id": 4915,
        "first_name": "Testuserunique",
        "last_name": "random name",
        "profile_pic": "https://contacts-app.s3-ap-southeast-1.amazonaws.com/contacts/profile_pics/000/004/915/original/surya_avatar.png?1556873190",
        "favorite": false,
        "url": "http://gojek-contacts-app.herokuapp.com/contacts/4915.json"
    }
]
